image,r1,g1,b1,r2,g2,b2
05_9064.PNG,0.25214,0.42519,0.32268,0.18299,0.42927,0.38774
04_9544.PNG,0.18557,0.45816,0.35626,0.20854,0.47306,0.31839
07_0208.PNG,0.20339,0.46693,0.32967,0.21714,0.47352,0.30933
13_0902.PNG,0.21373,0.47632,0.30995,0.20401,0.46618,0.32981
13_0889.PNG,0.20985,0.47219,0.31795,0.23279,0.46956,0.29765
