image,r,g,b
09_0578.PNG,0.30135,0.51331,0.18534
01_7803.PNG,0.19406,0.46182,0.34412
05_8968.PNG,0.32462,0.46816,0.20723
05_9180.PNG,0.20507,0.46853,0.3264
01_7900.PNG,0.28414,0.49622,0.21965
