,algorithm,mean,var,number_of_comparisons
3,photographer,0.714,0.20320399999999994,250
0,canon,0.65,0.2265,250
5,wp,0.444,0.24486400000000003,250
4,sog,0.428,0.24281600000000003,250
2,iwp,0.414,0.24160400000000004,250
1,gw,0.35,0.2265,250
